{
    "Ar36": {
        "error": 0.00045717395290179594, 
        "filter_outliers_dict": {
            "filter_outliers": true, 
            "iterations": 1, 
            "std_devs": 2
        }, 
        "fit": "Linear", 
        "value": 0.0210934441064672
    }, 
    "Ar37": {
        "error": 0.00925410900873625, 
        "filter_outliers_dict": {
            "filter_outliers": true, 
            "iterations": 1, 
            "std_devs": 2
        }, 
        "fit": "linear", 
        "value": 1.059030970238892
    }, 
    "Ar38": {
        "error": 0.005428228357894471, 
        "filter_outliers_dict": {
            "filter_outliers": true, 
            "iterations": 1, 
            "std_devs": 2
        }, 
        "fit": "linear", 
        "value": 0.13298908602211418
    }, 
    "Ar39": {
        "error": 0.012892129702950648, 
        "filter_outliers_dict": {
            "filter_outliers": true, 
            "iterations": 1, 
            "std_devs": 2
        }, 
        "fit": "Linear", 
        "value": 11.41908198673714
    }, 
    "Ar40": {
        "error": 0.022977497443177817, 
        "filter_outliers_dict": {
            "filter_outliers": true, 
            "iterations": 1, 
            "std_devs": 2
        }, 
        "fit": "Linear", 
        "value": 55.4212019575443
    }, 
    "Ar41": {
        "error": 0.004373524618990391, 
        "filter_outliers_dict": {
            "filter_outliers": true, 
            "iterations": 1, 
            "std_devs": 2
        }, 
        "fit": "Average", 
        "value": -0.07065170054881093
    }
}