{
    "age": 10.718658834848462,
    "age_err": 0.01759149509533439,
    "age_error_kind": "SEM, but if MSWD>1 use SEM * sqrt(MSWD)",
    "age_kind": "Weighted Mean",
    "ages": {
        "integrated_age": 10.72252709248825,
        "integrated_age_err": 0.018772435359693182,
        "isochron_age": 10.657152186932619,
        "isochron_age_err": Infinity,
        "plateau_age": 0.0,
        "plateau_age_err": 0.0,
        "weighted_age": 10.718658834848462,
        "weighted_age_err": 0.01759149509533439
    },
    "analyses": [
        {
            "age": 10.732218082922458,
            "age_err": 0.0027676926347553732,
            "age_err_wo_j": 0.0027676926347553732,
            "kca": 39.79484724579708,
            "kca_err": 0.12722468407425644,
            "kcl": 4712.556971783112,
            "kcl_err": 127.00598898581353,
            "plateau_step": false,
            "radiogenic_yield": 99.33650180856834,
            "record_id": "65761-06",
            "tag": "ok",
            "uuid": "535c11b6-2b43-4647-916d-220a7e639ba8"
        },
        {
            "age": 10.695835983758167,
            "age_err": 0.0035907486273569138,
            "age_err_wo_j": 0.0035907486273569138,
            "kca": 42.386944481826276,
            "kca_err": 0.4017459444277408,
            "kcl": 4419.099842148512,
            "kcl_err": 169.45231739917344,
            "plateau_step": false,
            "radiogenic_yield": 99.51948802321704,
            "record_id": "65761-09",
            "tag": "ok",
            "uuid": "4d3cf15d-b3ae-413b-9244-2a5ec46ebae3"
        }
    ],
    "arar_constants": {
        "abundance_sensitivity": 0.0,
        "atm4036": 295.5,
        "atm4036_err": 0.5,
        "atm4038": 1575.0,
        "atm4038_err": 2.0,
        "fixed_k3739": 0.01,
        "fixed_k3739_err": 0.0001,
        "lambda_Ar37": 0.01975,
        "lambda_Ar37_err": 0.0,
        "lambda_Ar39": 7.068e-06,
        "lambda_Ar39_err": 0.0,
        "lambda_Cl36": 6.308e-09,
        "lambda_Cl36_err": 0.0,
        "lambda_k": 5.464e-10,
        "lambda_k_err": 0.0
    },
    "display_age_units": "Ma",
    "identifier": "65761",
    "include_j_error_in_individual_analyses": false,
    "include_j_error_in_mean": true,
    "include_j_error_in_plateau": true,
    "irradiation": "NM-291",
    "kca": 40.03110469549417,
    "kca_err": 0.12128821724883779,
    "kca_kind": "Weighted Mean",
    "macrochron": {
        "lithology": "",
        "lithology_class": "",
        "lithology_group": "",
        "lithology_type": "",
        "material": "Feldspar",
        "reference": "",
        "rlocation": ""
    },
    "material": "Feldspar",
    "mswd": 64.40026340342084,
    "name": "06",
    "nanalyses": 2,
    "project": "IR998",
    "sample": "MS-13-09",
    "uuid": "dd5bd5c9-bd10-4046-8593-91978515391d"
}